flowers,chocolates,country house,,,,
cookie,crossfit bar,,,,,
cards,flowers,,,,,
cards,,,,,,
seeds,flowers,,,,,
roses,prosecco,,,,,
roses,flowers,,,,,
scent,,,,,,
cards,,,,,,
roses,hyacinths,,,,,
bag,belt,,,,,
flowers,,,,,,
FitBit,bracelet,,,,,
prosecco,,,,,,
cards,,,,,,
show tickets,,,,,,
pizza,,,,,,
flowers,,,,,,
puppy,,,,,,
roses,ice cream,,,,,
cards,flowers,wine,,,,
flowers,chocolates,,,,,
chocolates,,,,,,
pants,,,,,,
chocolates,drinks,,,,,
chocolates,,,,,,
flowers,,,,,,
condoms,,,,,,
dress,dinner,,,,,
book,,,,,,
chocolates,strawberries,,,,,
house,car,,,,,
chocolates,,,,,,
steak,,,,,,
cards,,,,,,
pasty,cards,,,,,
flowers,,,,,,
dogs,Taco Bell,,,,,
cheese,curds,sausage,,,,
cupcakes,,,,,,
bracelets,,,,,,
bag,belt,,,,,
Nintendo Switch ,,,,,,
Paper Shredder,Mandolin Slicer,,,,,
Flowers,Coffee,,,,,
show tickets,,,,,,
cards,flowers,cider,,,,
roses,scent,chocolates,blouse,,,
cupcakes,,,,,,
T-shirt,,,,,,
necklace,,,,,,
wine,,,,,,
roses,pint glass,,,,,
roses,doughnut,,,,,
roses,scent,,,,,
cards,,,,,,
biscuit,,,,,,
flowers,Stuffed Toy,,,,,
diet cookbook,spanx,iron,,,,
candles,,,,,,
IKEA,,,,,,
Rolos,chocolates,,,,,
car,house,,,,,
records,wine,,,,,
jewelry,ring,,,,,
roses,,,,,,
books,,,,,,
flowers,beer,,,,,
roses,chocolates,socks,pillow,,,
flowers,dinner,,,,,
gift,dinner,,,,,
roses,,,,,,
cards,,,,,,
italian bread,mushrooms,cauliflower,cheese,,,
lunch,roses,,,,,
cinnamon hearts,jar of hearts,,,,,
cards,,,,,,
chocolates,snack,,,,,
candies,chocolates,,,,,
cards,letters,,,,,
roses,,,,,,
roses,chocolates,,,,,
coffee,,,,,,
roses,cards,,,,,
flowers,tool-set,,,,,
groceries,dinner,,,,,
chicken,ice cream,dinner,,,,
Turks,Caicos,,,,,
cards,gifts,t-shirt,,,,
flowers,,,,,,
leather bags,map,calvin klein,,,,
condoms,,,,,,
FitBit,chocolates,,,,,
gifts,,,,,,
Emmerdale Farm,,,,,,
drinks,flowers,,,,,
gifts,,,,,,
chocolates,pizza,Stuffed Toy,,,,
necklace,ring,jewelry,,,,
roses,chocolates,,,,,
chocolates,cards,,,,,
food,carlyraejepsen merchandise,,,,,
gifts,charity,,,,,
games,,,,,,
lingerie,,,,,,
lunch,,,,,,
pets,,,,,,
bed,,,,,,
flowers,groceries,,,,,
gifts,,,,,,
gifts,,,,,,
games,,,,,,
flowers,wine,chocolates,NikNaks,,,
candies,pizza,,,,,
socks,movie,,,,,
condoms,,,,,,
flowers,condoms,,,,,
gifts,,,,,,
chocolates,,,,,,
cards,flowers,,,,,
wine,vodka,,,,,
dinner,wine,glass,,,,
flowers,chocolate,balloons,chocolates,,,
flowers,,,,,,
condoms,ice cream,,,,,
bears,candies,ice cream,,,,
candies,flowers,,,,,
roses,dinner,chocolates,lasagne,,,
cellphone,recharge,,,,,
Stuffed Toy,,,,,,
cards,flowers,,,,,
roses,mignon,Ghirardelli,,,,
dress,,,,,,
chocolates,,,,,,
flowers,chocolates,,,,,
groceries,flowers,balloons,,,,
cards,flowers,chocolates,wine,letters,,
candies,,,,,,
game,,,,,,
underwear,,,,,,
chocolates,,,,,,
cards,chocolates,flowers,,,,
cards,chocolates,,,,,
flowers,date,,,,,
ice cream,,,,,,
grocery store ,flowers,,,,,
dress,date,gifts,wine,,,
flowers,chocolates,,,,,
flowers,roses,,,,,
beer,candies,,,,,
cards,chocolates,,,,,
gifts,music,show tickets,,,,
games,,,,,,
flowers,chocolates,,,,,
flowers,lemons,pancakes,drinks,,,
bouqets,lobsters,,,,,
chocolates,roses,,,,,
flowers,cards,,,,,
gin,cat food,pretz,,,,
presents,gifts,,,,,
roses,date,dinner,drinks,movie,,
cards,gifts,chicken,litter,,,
burger,chocolates,,,,,
chocolates,flowers,,,,,
cards,candies,,,,,
grocery,chips,pizza,,,,
flowers,cards,chocolates,,,,
bag,,,,,,
flowers,,,,,,
grocery,flowers,champagne,,,,
gifts,meals,,,,,
flowers,,,,,,
flowers,cards,candies,pizza,,,
gifts,pictures,,,,,
roses,carrd,meal,,,,
flowers,chocolates,massage,,,,
candies,,,,,,
gifts,,,,,,
ring,,,,,,
flowers,candies,,,,,
groceries,,,,,,
cards,flowers,,,,,
cards,candies,,,,,
Stuffed Toy,chocolates,,,,,
cards,flowers,,,,,
candies,,,,,,
chocolates,,,,,,
beer,,,,,,
chocolates ,roses,flowers,,,,
drugs,,,,,,
gifts,,,,,,
tacos,,,,,,
movies,,,,,,
cellphone,hankies,boxers,dress,,,
flour,tortilla,,,,,
watch,,,,,,
letters,,,,,,
books,candies,,,,,
TV,DVD Player,Bed,Cheese,Cake,,
flowers,candies,,,,,
flowers,,,,,,
burger,fries,coke,cake,,,
prosecco,gym gear,car,,,,
chocolates,,,,,,
beef,,,,,,
pint,,,,,,
show tickets,,,,,,
candies,flowers,,,,,
flowers,chocolates,,,,,
chocolates,flowers,,,,,
chocolates,cards,,,,,
books,,,,,,
baseball,,,,,,
flowers,,,,,,
cards,,,,,,
dunkins,,,,,,
flowers,gifts,,,,,
gifts,charity,boxers,,,,
flowers,,,,,,
flowers,,,,,,
gifts,,,,,,
roses,show tickets,,,,,
Stuffed Toy,,,,,,
sushi,beer,,,,,
chocolates,,,,,,
cards,,,,,,
flowers,chocolates,,,,,
picnic hamper,,,,,,
flowers,chocolates,,,,,
cards,,,,,,
cellphone,wig,boxers,handkerchief,,,
flowers,holidays,,,,,
chocolates,champagne,roses,flowers,,,
chocolates,games,,,,,
flowers,Stuffed Toy,,,,,
roses,dinner,cake,,,,
beer,dip,,,,,
chocolates,,,,,,
gifts,,,,,,
chocolates,,,,,,
Louis Vuitton,Tiffany,,,,,
flowers,chocolates,,,,,
chocolates,chips,,,,,
eggs,pot of soil,,,,,
balloon,,,,,,
choclates,roses,,,,,
beer,netflix,,,,,
Stuffed Toy,chocolates,,,,,
flowers,,,,,,
chocolates,,,,,,
flowers,chocolates,,,,,
clothes,,,,,,
chocolates,flowers,,,,,
DVD,,,,,,
Stuffed Toy,,,,,,
pizza,,,,,,
flowers,chocolates,,,,,
honeymoon,hookah,peach melba,,,,
drinks,ring,jewelry,,,,
flowers,holiday,,,,,
show tickets,,,,,,
flowers,cooks,,,,,
flowers,candies,,,,,
gifts,chocolates,,,,,
wine,games,,,,,
car,,,,,,
burger,,,,,,
roses,dinner,,,,,
chocolates,flowers,jewelry,,,,
dinner,roses,chocolates,hotels,,,
flowers,chocolates,house,,,,
drinks,cellphone,,,,,
speaker,,,,,,
jewelry,diamond,food,,,,
flowers,,,,,,
chocolates,movie,,,,,
chips,,,,,,
lingerie,bed,drinks,,,,
roses,chocolates,gifts,,,,
roses,,,,,,
candies,gifts,,,,,
plays,books,,,,,
drinks,chocolates,,,,,
roses,chocolates,bouquet,,,,
books,,,,,,
chocolates,wine,,,,,
chocolates,,,,,,
hat,,,,,,
gifts,cards,,,,,
candies,,,,,,
flowers,stuffed toy,,,,,
wine,,,,,,
cellphone,recharge,data,,,,
choclates,wine,lingerie,,,,
gifts,,,,,,
roses,chocolates,,,,,
chocolates,,,,,,
cards,flowers,,,,,
arepa,,,,,,
roses,shovels,tarp,lye,,,
panini,,,,,,
cards,flowers,coffee,,,,
flowers,chocolates,,,,,
flowers,chocolates,drinks,,,,
flowers,,,,,,
games,beer,gift,,,,
gift,,,,,,
cards,,,,,,
dinner,,,,,,
roses,Raid,,,,,
roses,,,,,,
show tickets,,,,,,
flowers,chocolates,popcorn tub,,,,
gifts,,,,,,
stew,,,,,,
flowers,,,,,,
pizza,date,,,,,
candies,chocolates,,,,,
chocolates,wine,,,,,
stew,,,,,,
date,,,,,,
peach,,,,,,
pizza,,,,,,
candies,hearts,,,,,
chocolates,flowers,,,,,
beer,dessert,,,,,
clothes,,,,,,
roses,chocolates,,,,,
chocolates,jewelry,,,,,
choclates,,,,,,
candles,reed diffusers,,,,,
flowers,,,,,,
flowers,,,,,,
recharge,,,,,,
boxers,gifts,,,,,
chocolates,,,,,,
chocolates,,,,,,
flowers,chocolates,dinner,,,,
flowers,roses,,,,,
champagne,flowers,cake,drink,airtime ,groceries,fuel
pearls,jewelry,dinner,date,restaurant,,
taco,,,,,,
